<?xml version="1.0" encoding="UTF-8"?>
<project-private xmlns="http://www.netbeans.org/ns/project-private/1">
    <editor-bookmarks xmlns="http://www.netbeans.org/ns/editor-bookmarks/2" lastBookmarkId="0"/>
    <open-files xmlns="http://www.netbeans.org/ns/projectui-open-files/2">
        <group>
            <file>file:/run/media/eduardo/Datos/Documents/Diseño_de_software/IIExamen_Grupo0108/IIExamenGrupo0108/src/Caso04_Prototype/AcuerdoConfidencialidad.java</file>
            <file>file:/run/media/eduardo/Datos/Documents/Diseño_de_software/IIExamen_Grupo0108/IIExamenGrupo0108/src/Caso04_Prototype/Contrato.java</file>
            <file>file:/run/media/eduardo/Datos/Documents/Diseño_de_software/IIExamen_Grupo0108/IIExamenGrupo0108/src/Caso04_Prototype/Documento.java</file>
            <file>file:/run/media/eduardo/Datos/Documents/Diseño_de_software/IIExamen_Grupo0108/IIExamenGrupo0108/src/Caso04_Prototype/AgenteRRHH.java</file>
            <file>file:/run/media/eduardo/Datos/Documents/Diseño_de_software/IIExamen_Grupo0108/IIExamenGrupo0108/src/Caso04_Prototype/CacheDocumento.java</file>
            <file>file:/run/media/eduardo/Datos/Documents/Diseño_de_software/IIExamen_Grupo0108/IIExamenGrupo0108/src/Caso04_Prototype/Prototype.java</file>
        </group>
    </open-files>
</project-private>
